{
  "project_info": {
    "project_number": "153031695006",
    "project_id": "my-virtualclass",
    "storage_bucket": "my-virtualclass.firebasestorage.app"
  },
  "client": [
    {
      "client_info": {
        "mobilesdk_app_id": "1:153031695006:android:393c0c8d3b1425b053f98f",
        "android_client_info": {
          "package_name": "edu.uoc.uocvirtualclass"
        }
      },
      "oauth_client": [],
      "api_key": [
        {
          "current_key": "AIzaSyAUeLOXB8YUbwlCy9PRfCzGkUCJJwKBk9Q"
        }
      ],
      "services": {
        "appinvite_service": {
          "other_platform_oauth_client": []
        }
      }
    }
  ],
  "configuration_version": "1"
}